<TABLE_DEFINITIONS Table="SA30" Name="Economic Profile" Source="USDOC/BEA/RD"><LINE><Code>10</Code><Description>Personal income (thousands of dollars)</Description><Definition>Consists of the income that persons receive in return for their provision of labor, land, and capital used in current production as well as other income, such as personal current transfer receipts. In the state and local personal income accounts the personal income of an area represents the income received by or on behalf of the persons residing in that area. It is calculated as the sum of wages and salaries, supplements to wages and salaries, proprietors' income with inventory valuation (IVA) and capital consumption adjustments (CCAdj), rental income of persons with capital consumption adjustment (CCAdj), personal dividend income, personal interest income, and personal current transfer receipts, less contributions for government social insurance plus the adjustment for residence.</Definition></LINE><LINE><Code>45</Code><Description>Net earnings by place of residence</Description><Definition>Consists of earnings by place of work less contributions for government social insurance plus the adjustment for residence.</Definition></LINE><LINE><Code>50</Code><Description>Personal current transfer receipts</Description><Definition>Receipts of persons from government and business for which no current services are performed. Current transfer receipts from government include Social Security benefits, medical benefits, veterans' benefits, and unemployment insurance benefits. Current transfer receipts from business include liability payments for personal injury and corporate gifts to nonprofit institutions.</Definition></LINE><LINE><Code>60</Code><Description>Income maintenance benefits</Description><Definition>Income maintenance benefits consists largely of Supplemental Security Income (SSI) benefits, Earned Income Tax Credit (EITC), Additional Child Tax Credit, Supplemental Nutrition Assistance Program (SNAP) benefits, family assistance, and other income maintenance benefits, including general assistance.</Definition></LINE><LINE><Code>70</Code><Description>Unemployment insurance compensation</Description><Definition>Unemployment insurance compensation is made up of the following:  State unemployment compensation are benefits consisting mainly of the payments received by individuals under state-administered unemployment insurance (UI) programs, but they include the special benefits authorized by federal legislation for periods of high unemployment. The provisions that govern the eligibility, timing, and amount of benefit payments vary among the states, but the provisions that govern the coverage and financing are uniform nationally.  Unemployment compensation of Federal civilian employees are benefits which are received by former federal civilian employees under a federal program administered by the state employment security agencies acting as agents for the U.S. Government.  Unemployment compensation of railroad employees are benefits which are received by railroad workers who are unemployed because of sickness or because work is unavailable in the railroad industry and in related industries, such as carrier affiliates. This UI program is administered by the Railroad Retirement Board (RRB) under a federal formula that is applicable throughout the Nation.  Unemployment compensation of veterans are benefits which are received by unemployed veterans who have recently separated from military service and who are not eligible for military retirement benefits.Trade adjustment assistance are benefits received by workers who are unemployed because of the adverse economic effects of international trade arrangements.</Definition></LINE><LINE><Code>80</Code><Description>Retirement and other</Description><Definition>Personal current transfer receipts excluding unemployment insurance compensation and income maintenance benefits. Retirement and other consists of retirement and disability insurance benefits, medical benefits, veterans' benefits, education and training assistance, other transfer receipts of individuals from governments, current transfer receipts of nonprofit institutions, current transfer receipts of individuals from businesses.</Definition></LINE><LINE><Code>90</Code><Description>Dividends, interest, and rent</Description><Definition>Consists of personal dividend income, personal interest income, and rental income of persons with capital consumption adjustment (CCAdj).</Definition></LINE><LINE><Code>91</Code><Description>Personal dividend income</Description><Definition>Consists of receipts, in cash or in other assets excluding the corporation's own stock, from corporations located in the United States or abroad, of persons who are U.S. residents. Personal dividend income includes the net income of S Corporations received by individuals as well as their receipt of dividends from C Corporations. It includes imputed dividend receipts from pension plans. It does not include interest from regulated investment companies reported as dividends on individual income tax returns.</Definition></LINE><LINE><Code>92</Code><Description>Personal interest income</Description><Definition>Consists of the interest received (monetary and imputed) by persons, including individuals and nonprofit institutions serving households, from all sources.</Definition></LINE><LINE><Code>93</Code><Description>Imputed interest receipts</Description><Definition>Consists of 1) imputed income payments to policy holders by property and casualty insurance companies and life insurance companies; 2) financial services furnished without payment; and 3) imputed interest receipts from pension plans (including imputed interest attributable to under- or over-funded defined benefit pension plans).</Definition></LINE><LINE><Code>94</Code><Description>Monetary interest receipts</Description><Definition>Interest income that is recorded on financial statements.</Definition></LINE><LINE><Code>95</Code><Description>Rental income of persons</Description><Definition>Rental income of persons with capital consumption adjustment is the net income of persons from the rental of real property (except for the net rental real estate income of partnerships primarily engaged in the real estate business), the imputed net rental income of owner-occupants of housing, and the royalties received by persons from patents, copyrights, and rights to natural resources. The rental income of noninsured pension funds is imputed to persons and counted as part of rental income of persons with capital consumption adjustment.</Definition></LINE><LINE><Code>96</Code><Description>Imputed rent</Description><Definition>Imputed rent is an imputation for the net rental income of owner-occupied housing. It is based on the assumption that owner-occupants are in the rental business and that they are renting the houses in which they live to themselves: As tenants, they pay rent to the landlords (that is, to themselves); as landlords, they collect rent from their tenants (that is, from themselves), they incur expenses, and they may have a profit or a loss from the rental business.</Definition></LINE><LINE><Code>97</Code><Description>Monetary rent</Description><Definition>Monetary rent consists of royalties from patents, copyrights, and rights to natural resources and of net rents received by individuals, quasi-individuals, and private pension plans. It is adjusted for capital consumption and includes adjustments for uninsured losses to fixed capital caused by disasters, such as hurricanes and floods. It excludes the rental income of persons primarily engaged in the real estate business (which is included in nonfarm proprietors' income).</Definition></LINE><LINE><Code>100</Code><Description>Population (persons)</Description><Definition>The number of individuals (both civilian and military) who reside in a given area.</Definition></LINE><LINE><Code>110</Code><Description>Per capita personal income</Description><Definition>The personal income of a given area divided by the resident population of the area. See "personal income."</Definition></LINE><LINE><Code>120</Code><Description>Per capita net earnings</Description><Definition>Net earnings by place of residence of a given area divided by the resident population of the area. See "net earnings by place of residence."</Definition></LINE><LINE><Code>130</Code><Description>Per capita personal current transfer receipts</Description><Definition>Personal current transfer receipts of a given area divided by the resident population of the area. See "personal current transfer receipts."</Definition></LINE><LINE><Code>140</Code><Description>Per capita income maintenance benefits</Description><Definition>Income maintenance benefits of a given area divided by the resident population of the area. See "Income maintenance benefits."</Definition></LINE><LINE><Code>150</Code><Description>Per capita unemployment insurance compensation</Description><Definition>Unemployment insurance compensation of a given area divided by the resident population of the area. See "unemployment insurance compensation."</Definition></LINE><LINE><Code>160</Code><Description>Per capita retirement and other</Description><Definition>Retirement and other of a given area divided by the resident population of the area. See "Retirement and other."</Definition></LINE><LINE><Code>170</Code><Description>Per capita dividends, interest, and rent</Description><Definition>Dividends, interest, and rent of a given area divided by the resident population of the area. See "dividends, interest, and rent."</Definition></LINE><LINE><Code>171</Code><Description>Per capita dividends</Description><Definition>Dividends of a given area divided by the resident population of the area. See "dividends."</Definition></LINE><LINE><Code>172</Code><Description>Per capita interest</Description><Definition>Interest of a given area divided by the resident population of the area. See "interest."</Definition></LINE><LINE><Code>173</Code><Description>Per capita rent</Description><Definition>Rent of a given area divided by the resident population of the area. See "rent."</Definition></LINE><LINE><Code>180</Code><Description>Earnings by place of work</Description><Definition>Consists of compensation of employees and proprietors' income.</Definition></LINE><LINE><Code>190</Code><Description>Wages and salaries</Description><Definition>The remuneration receivable by employees (including corporate officers) from employers for the provision of labor services. It includes commissions, tips, and bonuses; employee gains from exercising stock options; and pay-in-kind. Judicial fees paid to jurors and witnesses are classified as wages and salaries. Wages and salaries are measured before deductions, such as social security contributions, union dues, and voluntary employee contributions to defined contribution pension plans.</Definition></LINE><LINE><Code>200</Code><Description>Supplements to wages and salaries</Description><Definition>Consists of employer contributions for government social insurance and employer contributions for employee pension and insurance funds.</Definition></LINE><LINE><Code>201</Code><Description>Employer contributions for employee pension and insurance funds</Description><Definition>Consists of employer payments to private and government pension plans and to private insurance funds such as for group health and life insurance; workers' compensation; and supplemental unemployment insurance.</Definition></LINE><LINE><Code>202</Code><Description>Employer contributions for government social insurance</Description><Definition>Consists of employer payments under the following federal, state, and local government programs: old-age, survivors, and disability insurance; hospital insurance; unemployment insurance; railroad retirement; pension benefit guaranty; veterans' life insurance; publicly administered workers' compensation; military medical insurance; and temporary disability insurance.</Definition></LINE><LINE><Code>210</Code><Description>Proprietors' income</Description><Definition>Proprietors' income with inventory valuation and capital consumption adjustments is the current-production income (including income in kind) of sole proprietorships, partnerships, and tax-exempt cooperatives. Corporate directors' fees are included in proprietors' income. Proprietors' income includes the interest income received by financial partnerships and the net rental real estate income of those partnerships primarily engaged in the real estate business.</Definition></LINE><LINE><Code>220</Code><Description>Farm proprietors' income</Description><Definition>Farm proprietors' income consists of the income that is received by the sole proprietorships and the partnerships that operate farms. It excludes the income that is received by corporate farms.</Definition></LINE><LINE><Code>230</Code><Description>Nonfarm proprietors' income</Description><Definition>Nonfarm Proprietors' Income consists of the income that is received by nonfarm sole proprietorships and partnerships and the income that is received by tax-exempt cooperatives.  The national estimates of nonfarm proprietors' income are primarily derived from income tax data. Because these data do not always reflect current production and because they are incomplete, the estimates also include four major adjustments--the inventory valuation adjustment, the capital consumption adjustment, the "misreporting" adjustment, and the adjustment for the net margins on owner-built housing. The inventory valuation adjustment offsets the effects of the gains and the losses that result from changes in the prices of products withdrawn from inventories; this adjustment for recent years has been small, but it is important to the definition of proprietors' income. The capital consumption adjustment changes the value of the consumption, or depreciation, of fixed capital from the historical-cost basis used in the source data to a replacement-cost basis. The "misreporting" adjustment adds an estimate of the income of sole proprietors and partnerships that is not reported on tax returns. The adjustment for the net margins on owner-built housing is an addition to the estimate for the construction industry. It is the imputed net income of individuals from the construction or renovation of their own dwellings.  The source data necessary to prepare these adjustments are available only at the national level. Therefore, the national estimates of nonfarm proprietors' income that include the adjustments are allocated to states, and these state estimates are allocated to the counties, in proportion to tax return data that do not reflect the adjustments.  In addition, the national estimates include adjustments made to reflect decreases in monetary and imputed income that result from damage to fixed capital and to inventories that is caused by disasters, such as hurricanes, floods, and earthquakes. These adjustments are attributed to states and counties on the basis of information from the Federal Emergency Management Agency.</Definition></LINE><LINE><Code>240</Code><Description>Total employment (number of jobs)</Description><Definition>A count of jobs, both full-time and part-time. It includes wage and salary jobs, sole proprietorships, and individual general partners, but not unpaid family workers nor volunteers.</Definition></LINE><LINE><Code>250</Code><Description>Wage and salary employment</Description><Definition>Wage and salary employment, also referred to as wage and salary jobs, measures the average annual number of full-time and part-time jobs in each area by place of work. All jobs for which wages and salaries are paid are counted. Although compensation paid to jurors, expert legal witnesses, prisoners, and justices of the peace (for marriage fees), is counted in wages and salaries, these activities are not counted as jobs in wage and salary employment. Corporate directorships are counted as self-employment. The following description of the sources and methods used in estimating wage and salary employment is divided into two sections: Employment in industries covered by unemployment insurance (UI) programs, and employment in industries not covered by UI.</Definition></LINE><LINE><Code>260</Code><Description>Proprietors employment</Description><Definition>Consists of farm proprietors employment and nonfarm proprietors employment.</Definition></LINE><LINE><Code>270</Code><Description>Farm proprietors employment</Description><Definition>Consists of sole proprietors and non-corporate partners in the farm industry.</Definition></LINE><LINE><Code>280</Code><Description>Nonfarm proprietors employment</Description><Definition>Consists of the number of nonfarm sole proprietorships and the number of individual general partners in nonfarm partnerships.</Definition></LINE><LINE><Code>290</Code><Description>Average earnings per job (dollars)</Description><Definition>Average earnings per job is total earnings divided by total full-time and part-time employment.Earnings is the sum of three components of personal income--wages and salaries, supplements to wages and salaries, and proprietors' income.The BEA employment series for states and local areas comprises estimates of the number of jobs, full-time plus part-time, by place of work. Full-time and part-time jobs are counted at equal weight. Both employment for wages and salaries and proprietors employment are included, but the employment of unpaid family workers and volunteers is not included.</Definition></LINE><LINE><Code>300</Code><Description>Average wages and salaries</Description><Definition>Average wages and salaries are wages and salaries divided by total wage and salary employment.</Definition></LINE><LINE><Code>310</Code><Description>Average nonfarm proprietors' income</Description><Definition>Average nonfarm proprietors' income is nonfarm proprietors' income divided by the nonfarm proprietors employment.</Definition></LINE></TABLE_DEFINITIONS>
